Sepal.Length,Sepal.Width,Petal.Length,Petal.Width
3.94305231859,0.124156442907,0.0489997482465,0.01644790923,4.51687798472e-31,3.94311065048,0.124303194437,0.0494055815489,0.0168780358139,8.02481814356e-31
4.11823478325,0.285741318779,0.14220628368,0.0628416681576,4.28462398329e-31,4.1182351198,0.286578770367,0.147955022071,0.0666634932286,1.44352570145e-30
4.96921382583,0.75898246794,0.577947146899,0.262269385116,2.13527363427e-30,4.97009779757,0.766871844295,0.460013311895,0.268241862356,2.85118544901e-30
4.04371641667,0.259579260597,0.0831636735024,0.034612435506,1.45944531674e-30,4.04794141667,0.264761297551,0.139959838999,0.0622428640202,1.6210385428e-30
4.348384,0.878826881416,0.230294035234,0.0747707665606,2.42437730539e-30,4.41624425,0.912206935899,0.511537311496,0.167726849941,4.68194725039e-30
